divisionId,name,id
1,අඩයාලේච්චේන,1
1,අඩයාලේච්චේන 04,2
1,අඩයාලේච්චේන 05,3
1,අඩයාලේච්චේන 09,4
1,අඩයාලේච්චේන 11,5
1,අඩයාලේච්චේන 17,6
1,ඔලුවිල් 01,7
1,පල්අමුණ,8
1,දීඝවාපිය,9
1,දීඝවාපිය 02,10
2,ඉසංකනිච්චිමයි,11
2,කරුන්කොඩිතිවු 04,12
2,කරුන්කොඩිතිවු 05,13
2,කරුන්කොඩිතිවු 06,14
2,කරුන්කොඩිතිවු 15,15
2,පඩ්ඩියාඩිප්පි,16
2,ආලිම්නගර්,17
2,පල්ලිකඩියාරුප්පු 01,18
2,පල්ලිකඩියාරුප්පු 02,19
3,අලයඩිවෙම්බු,20
3,අක්කරෛක්පත්තු 09,21
3,අලිගම්බායි,22
3,කන්නාකිකිරාමම් 01,23
3,කන්නාකිකිරාමම් 02,24
3,කොලවිල් 01,25
3,කොලවිල් 02,26
3,නාවත්කඩු,27
3,පනන්කඩු,28
3,සින්න පනන්කඩු,29
3,වච්චිකුඩ,30
4,නාමල්ඔය 01 උස්බිම,31
4,නාමල්ඔය 02,32
4,නාමල්ඔය 03,33
4,වාවින්න (දකුණ),34
4,පරගහකැලේ (බටහිර),35
4,පරගහකැලේ (නැගෙනහිර),36
4,මිහිදුපුර,37
4,නාමල්තලාව,38
4,නවගම්පුර,39
4,සේනානායකපුර,40
4,තිස්සපුර,41
4,සාමපුර,42
4,කොටවෙහෙර,43
4,දඹේතලාව,44
4,අඹමල්තලාව,45
5,දේවාලහිද,46
5,පල්ලන්ඔය,47
5,කළුගොල්ල,48
5,හිදකළුගම,49
5,දමන,50
5,ගල්මඩුව,51
5,හෙලගම්පුර,52
5,හිගුරාන,53
5,කරලෑව,54
5,කීනවත්ත,55
5,අම්බලන්ඔය,56
5,කුමන,57
5,මඩාන,58
5,මඩවලලන්ද,59
5,පන්නල්ගම,60
5,තොට්ටම,61
5,මහානාගපුර,62
5,බක්මිටියාව,63
5,අම්බලන්ඔය 10,64
5,කෙත්සිරිගම,65
5,මොරගහපල්ලම,66
5,පහලලන්ද,67
5,පාදාගොඩ,68
5,කොක්නහර,69
5,ගල්කන්ද,70
5,කිවුලේගම,71
6,රිදීඇල්ල,72
6,වැව්මැදගම,73
6,කදිරාපුර,74
6,බක්මිීදෙණිය,75
6,සේරුපිටිය,76
6,මාවනාගම,77
6,නවමැදගම,78
7,ඉරක්කමම් 01,79
7,ඉරක්කාමම් 02,80
7,ඉරක්කාමම් 03,81
7,ඉරක්කාමම් 05,82
7,ඉරක්කමම් 06,83
7,ඉරක්කාමම් 07,84
7,වරිපතන්වේන,85
7,වරිපතන්වේන 03,86
8,කාර්තිව්,87
8,කාර්තිව් 10,88
8,කාරතිව් 11,89
8,කාරතිව් 12,90
8,මාවදිපාලි (නැගෙනහිර),91
8,මාවදිපාලි (බටහිර),92
9,දේවාලගොඩ,93
9,හුලන්නුගේ,94
9,හුලන්නුගේ (බටහිර),95
9,කදහිගම,96
9,ලාහුගල,97
9,පැරණි ලාහුගල,98
9,පානම (බටහිර),99
9,පානම(දකුණ),100
9,පානම (උතුර),101
9,පන්සල්ගොඩ,102
9,ශාස්ත්‍රවෙල,103
10,බැදිරැක්ක,104
10,බෝගමුයාය,105
10,බොරපොල,106
10,දඹදෙණිය,107
10,ඉද්දපොල,108
10,කැලෑවින්න,109
10,මහඔය,110
10,සමගිපුර,111
10,ටැම්පිටිය,112
10,තැපැල්පොල,113
10,උණුවතුර බුබුල,114
11,අන්නමලේ 01,115
11,අන්නමලේ 02,116
11,අන්නමලේ 03,117
11,මධ්‍යම කදවුර 01,118
11,මධ්‍යම කදවුර 02,119
11,මධ්‍යම කදවුර 03,120
11,මධ්‍යම කදවුර 04,121
11,මධ්‍යම කදවුර 05,122
11,මධ්‍යම කදවුර 06,123
11,චාලම්බකේනි 01,124
11,චාලම්බකේනි 02,125
11,චාලම්බකේනි 03,126
11,චාලම්බකේනි 04,127
11,චාලම්බකේනි 05,128
11,චාවලකඩේ,129
11, නවිතන්වේලි 01,130
11,නවිතන්වේලි 02,131
11,සොරිකල්මුනේ 01,132
11,සොරිකල්මුනේ 02,133
11,සොරිකල්මුනේ 03,134
12,නින්දවූර් 10,135
12,නින්දවූර් 24,136
12,නින්දවූර් 25,137
13,ගල්ඔඩේ,138
13,කෝමාන,139
13,මරංගල,140
13,පලතුරුවැල්ල,141
13,පුළුන්ගස්මුල්ල,142
13,සරණගම,143
13,සේරන්කඩ,144
13,තලාපිටිඔය,145
14,සර්වෝදයපුර,146
14,වඩ්ඩිවේලි,147
14,වික්ටර් වතුයාය 01,148
14,වික්ටර් වතුයාය 02,149
14,කුන්ඩුමාඩු,150
14,කලප්පුකඩ්ඩු,151
14,කෝමාරි 01,152
14,කෝමාරි 02,153
14,පක්කියාවත්ත 1,154
14,පක්කියාවත්ත 2,155
14,පස්සරිච්චෙනායි,156
14,පොලිස් වසම,157
14,හිජ්‍රා නගරය,158
15,සයින්දමදුරු,159
15,සයින්දමදුරු 09,160
15,සයින්දමදුරු 11,161
15,සයින්දමදුරු 17,162
16,වීරමුනායි 01,163
16,වීරමුනායි  04,164
16,මල්කම්පිට්ටි,165
16,සම්මන්තූරය දෙමළ කොට්ඨාශය 01,166
16,සම්මන්තූරය දෙමළ කොට්ඨාශය 04,167
16,සෙන්නාල් ග්‍රාමය 02,168
16,කල්ලරිච්වෙල් 02,169
16,කල්ලරිච්වෙල් 03,170
16,වලාතපිට්ටි 01,171
16,වලාතපිට්ටි 02,172
16,මල්වත්ත 01,173
16,මල්වත්ත 02,174
16,මල්වත්ත 03,175
16,මල්වත්ත 04,176
17,කන්විකුඩියාරු,177
17,තන්ඩියාඩි,178
17,තිරුක්කොවිල් 03,179
17,තිරුක්කොවිල් 04,180
17,සන්ගමම්,181
17,කන්විරන්කුඩා,182
17, තම්බ්ලුවිල් 1 ( දකුණ ),183
17,තම්බ්ලුවිල් 1 (බටහිර),184
17,තම්බ්ලුවිල් 2 (බටහිර),185
18,ගලපිටගල (බටහිර),186
18,ගලපිටගල (නැගෙනහිර),187
18,ගෝනගොල්ල,188
18,ගෝනගල,189
18,මයාදුන්න,190
18,වලගම්පුර,191
18,කොහොඹාන,192
18,ගල්හිටියාගොඩ,193
18,කහටගස්‍යාය,194
18,මහකණ්ඩිය,195
18,උහන,196
18,උදාගිරිගම (බටහිර),197
18,උදාගිරිගම (නැගෙනහිර),198
18,කෝමාරිය,199
18,කුමාරගම,200
18,තිස්සපුර,201
18,තිස්සපුර (නැගෙනහිර),202
18,උදයපුර,203
18,උදයපුර W/64,204
18,සියඹලාවැව,205
18,දඩයම්තලාව (බටහිර),206
18,දඩයම්තලාව (නැගෙනහිර),207
18,වීරගොඩ (දකුණ),208
18,කුමුදුගම,209
18,සුහදගම(දකුණ),210
18,ගැමුණුපුර,211
18,විජයපුර (නැගෙනහිර),212
18,විජයපුර (බටහිර),213
18,වීරගොඩ (උතුර),214
18,බුද්ධංගල,215
18,රජගම (උතුර),216
18,රජගම (දකුණ),217
18,රුහුණුගම (දකුණ),218
18,වෙහෙරගම (බටහිර),219
18,වෙහෙහ්‍රගම (නැගෙනහිර,220
18,අභයපුර,221
18,කහටගස්‍යාය,222
18,වෑරන්කැටගොඩ,223
18,සේනගම (උතුර),224
18,සේනගම (දකුණ),225
18,නුගේලන්ද (දකුණ),226
18,ලාතුගල,227
18,කොතමලේ,228
18,රජගලතැන්න,229
18,බොක්කබැද්ද,230
18,දෙමටමල්පැලැස්ස,231
18,හිමිදුරාව,232
18,වැලිකහගොල්ල,233
19,හිබුටුගොල්ලෑව,234
19,උල්පත්ගම,235
19,මයිලගස්වැව,236
19,තම්මැන්නාව,237
19,ගලෙන්බිදුනු වැව,238
19,ඉහලගම,239
19,ඉලුක්බඩයාගම,240
19,දුටුවැව,241
19,පෙරේත්තුපාලගම,242
19,කැකිරාව,243
19,පලුගොල්ලාගම,244
19,කරුවලගස්වැව,245
19,කුඹුක්වැව,246
19,හුරුළුනික වැව,247
19,21 කොළනි (බටහිර),248
19,මනන්කැටිය,249
19,නුවරඑළි කොළනි,250
19,පදිකරමඩුව,251
19,නුවරගම් කොළනි,252
20,පහළකලංකුට්ටිය,253
20,ඔටුනුපැළදිගම,254
20,නාමල්ගමුව,255
20,මල්බලිගල,256
20,උස්ගල හල්මිල්ලෑව,257
20,කැන්දරගම,258
20,බුල්නැව,259
20,ඉහලකලංකුට්ටිය,260
20,ඔබදයාගම,261
20,කරුවලගස්වැව,262
21,ඉපලෝගම,263
21,කිඩවරන්කුලම 42,264
21,ප්‍රබෝධගම 43,265
21,පුබුදිවුල 44,266
21,පරණ හල්මිල්ලෑව 45,267
21,මහකුඹුක්ගොල්ලෑව 46,268
21,පූනෑව 47,269
21,ආනෙකට්ටිය 48,270
21,පෙරියකුලම 49,271
21,යකාවැව 50,272
21,කුඩාකුඹුගොල්ලෑව 51,273
21,කඩවත්‍රඹෑව 52,274
21,ලොලුගස්වැව 53,275
21,හිරල්ලූගම 54,276
21,ඇතාකඩ 55,277
21,ඇටවීරගොල්ලෑව 56,278
21,මහදිවුල්වැව 57,279
21,ඉසොබැස්සගම 58,280
21,කඩවත්ගම 60,281
21,රේල්වේ ටවුන් 61,282
21,ඉකිරිකන්ද 61,283
21,පුල්එළිය 62,284
21,තම්මැන්නා ඇලවක 63,285
21,විරාල්මුරුප්පුව 64,286
21,වල්පොළ 65,287
21,කටුවෙල 66,288
21,M-East 68,289
21,හැලඹගස්වැව 70,290
21,අගනොච්චිය 71,291
21,කිරිගල්වැව 72,292
21,කුඩාගල්ලෙගම 73,293
21,මොරගොඩ 74,294
21,උණගස්වැව 75,295
21,ළිදවැව 77,296
21,සංගිලිකනදරාව 78,297
21,රොන්පත්විල 196,298
21,ඔයාමඩුව 358,299
21,තන්තිරිමලේ 366,300
21,දෙමටමල්ගම 367,301
21,නෙළුම්විලා 368,302
21,සදමල්එළිය 369,303
21,නවෝදාගම 371,304
21,තුපිටියාව 372,305
21,උණගස්වැව 375,306
21,ඇතාකඩ 55,307
22,ලිද්නාවැව,308
22,හල්මිල්ලකුලම,309
22,රන්කෙත්ගම,310
22,ජයගම,311
22,මිහිරිපුර,312
22,රළපනාව කොළනිය,313
22,මුදිතගම,314
23,සිරිපුර,315
23,පන්තියාව,316
23,හොරොබගම,317
23,මහකනදරාවැව 93,318
23,මහකනදරාවැව (ට්‍රැක් 01) 95,319
24,රඹෑව,320
24,නා බඩගස්වැව,321
24,සියඹලාගස්වැව,322
24,සංගිලිකනඩරා වැව,323
24,මහවැව,324
24,කටුකැලියාව,325
24,පන්ඩුකාභයපුර,326
24,රත්මලේ,327
24,ට්‍රැක් 1,328
24,ට්‍රැක් 2,329
24,ට්‍රැක් 3,330
24,ට්‍රැක් 4,331
25,රාජල්ලේගම,332
25,මැඩියාව,333
25,එළියදිවුල්වැව,334
25,පලුගස්වැව,335
25,ඉහලසියඹලාවැව,336
25,ගල්වඩුවාගම,337
25,කැලේසියඹලාවැව,338
25,කඩිගාව,339
25,ගල්මඩුව,340
25,කැලේදිවුල්වැව,341
25,මැදගම,342
25,කිරිඅමුනකැලේ,343
25,මිගස්සේගම,344
25,එප්පාවල,345
25,ඇදගල,346
25,ඉහලගම,347
25,කුඹුක්ගහවෙල,348
25,ඉහලතලාව,349
25,පහලතලාව,350
25,කරගහවැව,351
25,කුරුදුවැව,352
26,හීරිගස්වැව,353
26,වැලියාව,354
26,හලබවැව,355
26,තම්මැන්නාව,356
26,මකුලුව,357
26,හදුන්ගොඩ,358
26,තෙල්හීරියාව,359
26,ගල්විහාරවැව,360
26,කොන්වැව,361
26,ඊරියගම,362
26,මහබෙල්ලංකාවල,363
26,කුඩාබෙල්ලංකාවල,364
26,තඹුත්තේගම,365
26,මුූසල්පිටිය,366
26,නල්ලවන්නියා,367
26,කැකිරාව,368
26,වෙහෙරගල,369
26,පෙතියාව,370
27,නිකවත්ත ඉඩම,371
27,සදගලතැන්න,372
27,සදගලතැන්න,373
27,වීරලන්ද,374
27,ගලේලිය,375
27,වෙහෙරගල,376
27,මල්දෙනිය,377
27,පිහිටිවැව,378
27,සැලසුමිගම,379
27,කානිවිවිගල,380
27,කැකුළුවල,381
27,උල්පත්වැව,382
27,වරා පිටිය,383
27,බක්මීදෙනිය,384
27,මුදුන්ගම,385
27,නුවර ගල,386
27,මැදගම,387
28,මොරගස්වැව 29,388
28,පාළුවද්දන 35,389
28,පොසියා වැව 65,390
28,පුලස්තිගම 75,391
28,5.2.01-76,392
28,රත්මලේ 33,393
28,සාමපුර 80,394
28,යටියල්පතාන 61,395
28,යෝධ ඇල 63,396
28,මින්නේරිය 56,397
28,මුවන්පැලස්ස 59,398
28,රජඇල 38,399
28,රජඇල ගම 37,400
28,රන්කොත්ගම 62,401
28,ප්‍රොටවැව 34,402
28,සිරිකෙත 73,403
28,උල්කටුපත 77,404
28,අක්කර හැත්තැව 64,405
28,බත්ගම්පත්තුව 58,406
28,බෝපුර 79,407
28,බුබුල 66,408
28,ගල්ඔය 32,409
28,හතමුණ 70,410
28,ගිගුරක 69,411
28,හිගුරක බන්ඩාරගම 71,412
28,හිගුරක්ගොඩ 74,413
28,ජයපුර,414
28,කටුකැලියාව,415
28,මහසෙන්ගම 30,416
28,ජයන්තිපුර 48,417
28,වීරගම 44,418
28,ජෙතිනිය ගිරිගම,419
28,සුදු කන්ද නික වැව 46,420
28,තඹල වැව 46/A,421
28,නාග පොකුණ 49,422
28,ට්‍රැක් 12,423
28,අග්බෝපුර 41,424
28,වන්දන පොකුණ 53,425
28,ගිරිතලේ ජනපදය 40,426
28,විජෙ රජ වැව 42,427
28,ගිරිතලේ පුරාණගම 39,428
28,හේන් න්කොළ වෙළ 43,429
28,උණගලාවෙහෙර බටහිර 51,430
28,උණගලාවෙහෙර නැගෙනහිර 52,431
28,හිගුරක බන්ඩාරගම,432
29,බුද්ධයාය,433
29,ගල්අමුණ 147,434
29,හිගුරක් දමන 146,435
29,කිරිමැටිය 150,436
29,මුණිසිරිගම 152,437
29,පන්සල් ගොඩැල්ල 148,438
29,වැලි ඇල,439
29,අභයපුර 140,440
29,අල්හිලාල්පුර 133,441
29,දෙබරැල්ල 143,442
29,ගැමුණුපුර 145,443
29,කැගලුගම 142,444
29,ලංකාපුර 128,445
29,පුලස්තිගම 135,446
29,රිපායිපුර 130,447
29,සංඝබෝධිගම 134,448
29,සේනානායකපුර 144,449
29,සෝමපුර 141,450
29,තඹාල 132,451
29,වීරපුර 129,452
29,බෞද්ධාර්ථගම 127,453
29,මුස්ලිම් ගම 131,454
29,නෙළුම්පුර 136,455
29,ජයපුර 136 A,456
29,සුන්ගාවිල 137,457
29,පටුනුගම 139,458
30,බිසෝ බණ්ඩාරගම 100,459
30,නාගපුර 101,460
30,ජයගම්පුර 102,461
30,ඇටඹ ඔය 98,462
30,ජයතු ගම 105,463
30,වෙඩිකාච්චිය 97,464
30,බිසෝ බණ්ඩාර 113,465
30,අභයපුර ගම 94,466
30,තිස්සපුර 114,467
30,කවුඩුළුගම 91,468
30,දිවුලන් කඩවල 84,469
30,එකමුතුගම 104,470
30,කුසුම් පොකුණ 118,471
30,මීගස් වැව 121,472
30,නෙළුම් පොකුණ 82,473
30,සැනසුම්ගම,474
30,සෙනරත්පුර 106,475
30,තිස්ස අමුණ 116,476
30,වෙහෙරගල 124,477
30,විහාරගම 83,478
30,වඩිග වැව 120,479
30,විජයරාජපුර 119,480
30,මහසෙන්පුර 117,481
30,අග්බෝපුර,482
30,අළුත්වැව,483
30,ඉහළ ගම 109,484
30,කහඹිලියාව 90,485
30,පල්ලියගොඩැල්ල 122,486
30,තලා කොළවැව 11,487
30,විජයපුර 108,488
30,පැරකුම්පුර 85,489
30,දියසෙන්පුර 88,490
30,ගජබාපුර 86,491
30,අඹ ගස් වැව,492
30,දිග්ගල්පුර 96,493
30,දිග්ගල්පුර,494
31,සෙක්කඩිපූලාවූ,495
31,නෙලුකුලම්,496
31,පලමොඩෙයි,497
31,මරුතමඩ,498
31,වව්නියා නගරය,499
31,නොච්චිමොඩෙයි,500
31,මුරුතන්කුලම්,501
31,ඉලමරුතාන්කුලම්,502
31,ආසිකුලම්,503
31,සෙම්මමාදු,504
31,රාජේන්ද්‍රන්කුලම්,505
31,සලම්බයික්කුලම්,506
31,කන්දපුරම,507
31,පම්පායිමඩු,508
31,පුවරසන්කුලම්,509
31,නෙලුක්කුලම්,510
31,මරෙක්කරම්පලෙයි,511
31,ඉච්චන්කුලම්,512
31,වෙලන්කුලම්,513
31,කල්මඩ්ඩු,514
31,සස්තිරිකුලම්,515
31,සෙම්මඩු,516
31,මලිගායි,517
31,පන්රික්කෙයිතකුලම්,518
31,ඕමන්තෙයි,519
31,අරුමුහතන්පුතුකුලම්,520
31,මහිලන්කුලම්,521
31,ඉල්ලමරුතාන්කුලම්,522
31,වව්නියා නගරය,523
31,කතර් සින්නකුලම්,524
31,මුන්රුමුරිප්පු,525
31,පන්දරික්කුලම්,526
31,රම්බයිකුලම්,527
31,මහරම්බයිකුලම්,528
31,වයිරවාපුලියන්කුලම්,529
31,වෙල්ලිකුලම්,530
31,කෝවිල්කුලම්,531
31,පරනාඩ්ඩකාලි,532
31,සාමලන්කූලම්,533
31,තාන්ඩිකුලම්,534
32,නැදුන්කර් නි දකුණ,535
32,මාමඩු,536
32,කුලවිසුඩාන්,537
32,උන්චාල්කඩි,538
32,මාරයිලුප්පායි,539
32,නැදුන්කර් නි උතුර,540
32,මාරයිලුප්පායි,541
32,කාටිකුලම්,542
32,කුලවිසුඩාන්,543
32,පුතුකුඩුඉරිප්පු,544
32,ඕලුමඩු,545
32,මරුතෝඩ්ඩායි,546
32,පරත්තන්,547
32,ආනන්දර් පුලියන්කුලම්,548
32,සින්නදම්පන්,549
32,නයිනමඩු,550
32,පුලියන්කුලම් - දකුණ,551
32,පුලියන්කුලම් - උතුර,552
32,කනගරායන්කුලම් - උතුර,553
32,මාන්නකුලම්,554
33,පූමඩුව,555
33,රන්කෙත්තගම,556
33,මරුතම්මඩුව,557
33,පරවක්කුලම් දකුණ ‍යාය -7,558
33,අවරත්තුලාව,559
33,අක්කර 20.40.60,560
33,අක්කර 400,561
33,පෙරියඋලුක්කුලම,562
33,අක්බෝපුර,563
33,මල්ලකම් දකුණ,564
33,පුවරසන්කුලම්,565
33,මාමඩුව,566
33,නැදුන්කුලම්,567
33,පිරප්පන්මඩුව,568
33,පුදුබුලන්කුලම,569
33,මහමයිලන්කුලම,570
33,එරම්පෙරියකුලම,571
33,අලගල්ල,572
33,අවුසාතපිටිය,573
33,කලුකුන්නමඩුව,574
34,පෙරියතම්පනෛ,575
34,කුරුක්කල්පුතුක්කුලම්,576
34,කන්නඩි,577
34,පිරමනාලන්කුලම්,578
34,ඒකක 2 පාවටිකුලම්,579
34,පෙරියකඩු,580
34,ඒකක 5 පාවටිකුලම්,581
34,සින්නාසිප්පිකුලම්,582
34,වෙඩ්ඩිකුලම්,583
34,නෙරියකුලම්,584
34,පෙරියපුලියන්කුලම්,585
34,සුඩුවෙන්තපිලවි,586
34,කන්කන්කුලම්,587
34,මුතලියකුලම්,588
34,මගත්තන්කුලම්,589
34,ඒකක 9 පාවටිකුලම්,590
34,ක්‍රිස්තොකුලම්,591
35,ඉරනෙයි ඉලුප්පායිකුලම්,592
35,පරසාන්කුලම්,593
35,කාක්කයාන්කුලම් බටහිර,594
35,කාක්කයාන්කුලම් නැගෙනහිර,595
35,මලුවරයාර් කඩායිඅඩම්පන්,596
35,පන්නවෙඩ්ඩුවාන්,597
35,පෙරියමුරිප්පු,598
35,පූමළතන්,599
35,තෙක්කම්,600
35,මතකිරාමමී,601
35,සින්න පාන්ඩීවිරීච්චන්,602
35,පාළමිපිඩ්ඩි,603
35,කිරිසුඩාන්,604
36,නාගතල්වු,605
36,කලිකිඩෙයිකාඩු,606
36,පෙරියනාවටිකුලම්,607
36,උයිලන්කුලම්,608
36,මාතෝද්දම්,609
36,වන්නමොඩෙයි,610
36,නීලසේනෙයි,611
36,නාරුවිලික් කුලම් -101,612
36,මෝඩීඩයි කාඩු -106,613
36,ඉලක්කප්පිඩි -111,614
36,කලික්කඩීඩායිකාඩු,615
36,උමානගර්,616
37,පල්ලිආරු,617
37,කුනෛ,618
37,කුරෙයි,619
37,කොවිටිකුලම්,620
37,විඩතල්තිව්ව -නැගෙනහිර,621
37,පලිලමඩු,622
37,පාප්පමොඩෙයි,623
37,මිනුක්කන්,624
37,මලිගායිතිඩල්,625
37,අඩම්පන්,626
37,පලායිකුලි,627
37,සොර් නපුරි,628
37,කායනගර්,629
37,පෙරියමඩු බටහිර,630
37,පෙරියමඩු නැගෙනහිර,631
37,වෙල්ලන්කුලම,632
37,ඉලුප්යිකඩවායි,633
37,කලිඅඩි,634
37,අත්තිමොඩෙයි,635
37,කෝවිටිකුලම්,636
37,නැදුන්කන්ඩල්,637
37,කරුන්කන්ඩල්,638
37,අන්දන්කුලම්,639
37,කන්නඩි,640
37,අල්කඩිවේලි,641
37,කරුන්කන්ඩල් වෙන්නෙයිකුලම්,642
37,කාත්තන්කුලම්,643
37,වඩ්ඩිකන්ඩල්,644
37,පලෙයි පෙරියමල්කාඩු,645
37,පලයඩි පුතුකුලම්,646
37,පරප්පුකඩත්තන් - බටහිර,647
37,පරප්පුකඩත්තන් - නැගෙනහිර,648
38,මුරුතමඩු,649
38,මෙතන්වේලි,650
38,පුනොච්චිකුලම්,651
38,පන්දරවේලි,652
38,වෙප්පාන්කුලම්,653
38,පෙරියපුලච්චි පොත්කනි,654
38,සින්නපුලච්චි පොත්කනි,655
38,අහතිමුරිප්පු,656
38,සිලාවතුරෙයි,657
38,සිලාවතුරෙයි සේවරියාරපූරම්,658
38,පුත්තුවේලි,659
38,කොළ්ලාන්කුලම්,660
38,කොක්කුපාඩයන්,661
38,කොන්ඩච්චි,662
38,කරදික්කුලි,663
38,මරිච්චුකාඩි,664
38,පලෙයිකුලි,665
38,මුල්ලිකුලම්,666
38,පල්ලන් කොඩෙයි,667
39,පුතුක්කමාමි,668
39,උයිත්තරායන්කුලම්,669
39,පරප්පන්කන්ඩල්,670
39,වාන්කාලෙයි නැගෙනහිර,671
39,වාන්චියන්කුලම්,672
39,අච්චන්කුලම්,673
39,නානද්දන්,674
39,වල්කයිපට්ටන්කන්ඩාල්,675
39,ඉල්ලන්තමෝඩිඩෙයි,676
39,පුට්ටිරාර් කන්ඩන්,677
39,රාසුල්පුතුවේලි,678
39,කන්චිතල්වු,679
39,අත්තයික්කුලි,680
39,චෙම්මන්තිව්,681
39,මුරුන්කන්,682
39,චුන්දික්කුලි,683
39,සිරුකන්දල්,684
39,පොන්තිවිකන්දල්,685
39,කලිමොඩෙයි පුලියන්කුලම්,686
39,පරිහරිකන්ඩල්,687
39,කාකිඩන්තකුලම්,688
39,චෙඩ්ඩියර් මහන්කායි අඩම්පන්,689
39,ඉස්සයිමලෙයිතිව්,690
40,කොරක්කන්කඩ්ඩු,691
40,කල්මඩුනගර්,692
40,පෙරියකුලම්,693
40,කුමාරපුරම්,694
40,කන්ඩවාලෙයි,695
40,පරන්තන්,696
41,පුලියම්පොක්කනෙයි,697
42,පුදුමුරිප්පු,698
42,මලයාලපුරම්,699
42,මරුතනගර්,700
42,පෙරිය පරන්තන්,701
42,ජයන්තිනගර්,702
42,තිරුවයියාරු,703
42,මායවනූර්,704
42,සිවිල් සෙන්ටර්,705
42,මාවඩියම්මන්,706
42,රාමන්තපුරම්,707
42,වඩ්ඩකච්චි,708
42,අක්කරායාන්කුලම්,709
42,කෝනාවිල්,710
42,කුමාරපුරම්,711
42,උරුතිරම්පුරම් උතුර,712
42,උරුතිරම්පුරම් නැගෙනහිර,713
42,වන්නෙරිකුලම්,714
42,අනෙයිවිලුත්තාන්කුලම්,715
42,ස්කන්ධපුරම්,716
42,සිවනගර්,717
43,අල්ලිපලෙයි,718
43,කච්චාර් වේලි,719
43,කිලාලි,720
43,මුහවිල්,721
43,පුලෝප්පාලෙයි නැගෙනහිර,722
43,තබ්බගාමම්,723
43,ඉට්ටවිල්,724
43,ධර්මකර් නි,725
43,මසාර්,726
44,ගවුතරිමුනෙයි,727
44,කරියලයින්අගපඩුවන්,728
44,පල්ලවරායන්කාඩු,729
44,කිරන්චි,730
44,පොන්නවේලි,731
44,කොල්ලකුරුච්චි,732
44,වෙඩ්ඩියකුරුච්චි,733
44,මඩුවිල්නාඩු උතුර,734
45,නිව්ටවුන්,735
45,මලන්ගම,736
45,අමුණුගොඩ,737
45,වේරලූප,738
45,කැටලියන්පල්ල,739
46,අමදූව,740
46,බෙලිමාලියද්ද,741
46,ගල්පල,742
46,ගන්ගොඩගම,743
46,හදගිරිගොඩ,744
46,හදගිරිය,745
46,කේන්ගස්තැන්න,746
46,පනාන,747
46,රන්වල,748
46,උඩගන්ගොඩ,749
46,උදූරන්වල,750
47,බලන්ගොඩ,751
47,අල්දොර,752
47,බෝවත්ත,753
47,බූලත්ගම,754
47,දමහාන,755
47,දියවින්න,756
47,දූරකන්ද,757
47,ගවරන්හේන,758
47,ඉඹූලමුරේ,759
47,ජසින්කන්ද,760
47,කලූපෙඩිගම,761
47,කිරිමැටිතැන්න,762
47,මාවෙල,763
47,මැද්දෙකන්ද,764
47,මුල්ගම,765
47,නෙළුයාය,766
47,පල්ලෙකන්ද,767
47,තලන්ගම,768
47,තන්ජන්තැන්න,769
47,වෙලහේ,770
47,වෙලේකුඹුර,771
47,විජිනන්කුඹුර,772
47,විකිලිය,773
47,කන්ගහමන්කඩ,774
47,තල්තොට,775
47,වලිපොතයාය,776
47,උග්ගල්තල්තොට,777
48,අමුණුගොඩ,778
48,අමුවල,779
48,අතෝය,780
48,බටකඩ,781
48,බටුගෙදර,782
48,දඹුලුවාන,783
48,දෙල්ලාබඩ,784
48,ඇලපාත,785
48,ඇල්ලෙගෙදර,786
48,ගගල්විටිය,787
48,ගන්ගුලුවිටිය,788
48,හන්ගමුව,789
48,කහෙන්ගම,790
48,කහවත්ත,791
48,කරන්ගොඩ,792
48,කටිලරියන්පල්ල,793
48,කෙහෙලොවිටිගම,794
48,කිරිවනකැටිය,795
48,කොළදගල,796
48,කොස්පලවින්න,797
48,මගුරුගොඩ,798
48,මලන්ගම,799
48,මද්දුම නැගෙනහිර,800
48,මුවගම,801
48,නැවිල්ල,802
48,නවනගරය,803
48,පාගොඩ,804
48,පල්ලෙගෙදර,805
48,රදැල්ල,806
48,සමන්ගම,807
48,වේරගම,808
48,වෙරලොප,809
49,පානාවෙල,810
49,රිදිවිට,811
49,ගොඩකවෙල,812
49,කොටකෙතන,813
49,මාදම්පෙ උතුර,814
49,හපුරුදෙනිය,815
49,වරයාය,816
49,වෙරහේන,817
49,මරගල,818
49,කවුඩුවාව,819
49,එමටියාගොඩ,820
49,නියන්ගම,821
49,ඇල්පිටිය,822
49,හිවමැදගම,823
49,රිදරිවිට,824
49,ගලහිටිය,825
49,මාකදුර,826
49,දිඹුලාවල,827
49,බූවාව,828
49,මල්වත්ත,829
49,බලවින්න බටහිර,830
49,ම්හගම නැගෙනහිර,831
49,බලවින්න නැගෙනහිර,832
49,මිරිස්වෙල්පොත,833
49,නින්දගම්පැලැස්ස,834
49,හිගුරඅර,835
49,පදලන්ගල,836
49,හිගුර,837
49,මොරකැටිය,838
50,පල්ලෙගම,839
50,හිගුරාර,840
50,මොදරවාන,841
50,කෙන්කටුව,842
50,කලගෙඩියාර,843
50,කුට්ටරිටිගල,844
50,පනාමුර,845
50,වලල්ගොඩ,846
50,දියපොට,847
51,අරුපොල,848
51,අස්ගගුල දකුණ,849
51,අස්ගගුල උතුර,850
51,කරදන බටහිර,851
51,බොපැන්න,852
51,බුලුහපිටිය,853
51,හිදුරන්ගල,854
51,ඉද්දමල්ගොඩ,855
51,ඉදුරන්ගල,856
51,කනන්දල,857
51,කැන්දන්ගමුව,858
51,කිරිපොරුව,859
51,මහින්ගොඩ,860
51,මින්නාන,861
51,මිටිපොල,862
51,නාකන්දල,863
51,නැදුරාන,864
51,නැගෙනහිර කලටුවාව,865
51,නුගදණ්ධ,866
51,පලිගල,867
51,පැල්පිටිය,868
51,උඩුවත්ත,869
51,උතුරු කරදන,870
51,වලවිට,871
51,යතුදාගොඩ,872
52,උඩගල උතුර,873
52,කැටපොල,874
52,ගලතුර,875
52,පහල ගලතුර,876
52,නිකගොඩ,877
52,අයගම,878
53,අලකොළඇල්ල,879
53,අලුත්නුවර,880
53,අමුවතුගොඩ,881
53,අටවක්වෙල,882
53,බෙලිහුල්ඔය,883
53,බෙල්ලන්කන්ද,884
53,බුදුන්වෙල,885
53,ගුරුබෙවිල,886
53,හල්පෙ,887
53,හතරබාගේ,888
53,ඉහලගලගම,889
53,කනතිරියන්වෙල,890
53,කරගස්තලාව,891
53,කින්චිගුනේ,892
53,කුබල්ගම,893
53,කුඹුරුතැනිවෙල,894
53,මැදගෙදරගොඩ,895
53,මැද්දේගම,896
53,මද්දේතලාව,897
53,මොරහේන,898
53,මුත්තෙටුවේගම,899
53,නලුවෙල,900
53,නමල්ගහ,901
53,ඕලුපිටිය,902
53,පගලෝවිට,903
53,පල්ලෙවෙල,904
53,පන්දෙනිය,905
53,පස්සරමුල්ල,906
53,පිඩලිගන්විල,907
53,පින්නවල,908
53,පුවක්ගහවෙල,909
53,සීලවත්ත,910
53,තොටපල්ල,911
53,විහාරවෙල,912
53,යක්දෙහිවල,913
54,පනපිටිය- දකුණ,914
54,ගබ්බෙල,915
54,මියනවිට-බටහිර,916
54,අටකලන්පන්න,917
54,නඹුරුව,918
54,මැදලගම,919
54,කලලැල්ල,920
54,පන්නිල,921
54,නුගවෙල-බටහිර,922
54,බන්ගිරිය,923
54,වටගනේ,924
54,එදන,925
55,කොස්වත්ත,926
55,කලවාන- නැගෙනහිර,927
55,මීපාගම,928
55,මීපාගොඩ,929
55,කොළිප්පිලිකන්ද,930
55,සමන්පුර,931
55,ඩවුගලගම,932
55,වතුරව,933
55,වේමියන්ගොඩ,934
55,කුකුලේගම,935
55,දෙල්ගොඩ උතුර,936
55,පිටිගලකන්ද,937
55,කුකුලේගම  උතුර,938
55,කුකුලේගම,939
55,තපස්සරකන්ද,940
55,ජතුවන්ගොඩ,941
55,වේවැල්කදූර,942
55,වැවාගම,943
55,සමන්පුර,944
55,වැද්දාගල නැගෙනහිර,945
55,වැද්දාගල බටහිර,946
55,කුඩුමිරිය,947
55,ඉලුඹකන්ද,948
55,පොතුපිටිය,949
55,කත්ලාන,950
55,ගගලගමුව,951
55,හපුගොඩ,952
55,රඹූක,953
55,තණබෙල,954
56,අකුරන,955
56,මුදුන්කොටුව 1,956
56,දෙහෙරගොඩ,957
56,දොඩම්පෙ,958
56,දොඩම්පෙ බටහිර,959
56,එල්ලාවල,960
56,එල්ලාවල පහලගම,961
56,එපිටවල,962
56,ඉදන්ගොඩ,963
56,කණුගල්ල,964
56,කිරිඇල්ල,965
56,මතුවාගල,966
56,මුදුන්කොටුව,967
56,යටිපව්ව,968
57,දපනේ,969
57,ඕමල්පෙ,970
57,කෙම්පනේ,971
57,අඹගහයාය,972
57,වැල්ලෙවතගොඩ,973
57,රන්හොටිකන්ද,974
57,කේල,975
57,ඒරේපෝරුව,976
57,විජේරිය,977
57,මඩුවන්වෙල,978
57,වලාකඩ,979
57,වැල්ලේවතුගොඩ,980
57,කොලොන්න,981
57,හබ්බෙව්ව,982
57,යක්මඩිත්ත,983
57,කුඹුරගමව්ව,984
58,අමුහේන්කන්ද,985
58,එක්නැලිගොඩ,986
58,ගලුකගම,987
58,ඉහලගම,988
58,කාහේන්ගම,989
58,කදන්ගොඩ- උතුර,990
58,කිතල්පේ,991
58,කොස්ගොඩ,992
58,කුරුවිට,993
58,මෙනේරිපිටිය,994
58,මිල්ලවිටිය,995
58,මියනදෙණිය,996
58,නදූකරන්දෙණිය,997
58,ඕවිටිගම,998
58,පහල- කුරුවිට,999
58,පරකඩුව,1000
58,පාතගම,1001
58,පත්බේරිය,1002
58,පොහොරබාව,1003
58,පුස්සැල්ල,1004
58,තලපිටිය,1005
58,තෙප්පනාව,1006
58,වලදූර,1007
58,වතුයාය,1008
59,දෙල්වල,1009
59,දොලොස්වෙලකන්ද,1010
59,හරන්ගල,1011
59,හැල්කඩලිය,1012
59,කොලඹගම,1013
59,නිවිතිගල,1014
59,නොරගල්ල,1015
59,පහලකරවිට,1016
59,පනකඩ,1017
59,පින්කන්ද,1018
59,සිදුරුපිටිය,1019
59,උඩකරවිට,1020
60,ලියනගොඩ,1021
60,දන්දෙනිය,1022
60,ඕපනායක,1023
60,හුණුවල-දකුණ,1024
60,හල්ලින,1025
60,මීගහවෙල,1026
61,බෝරල,1027
61,දෙනවක,1028
61,දෙනවක පතාකඩ,1029
61,දික්පිටිගල,1030
61,දොඹගස්හින්න,1031
61,ගනේගම,1032
61,ගොඩගම,1033
61,කපුහේන්තොට,1034
61,ලෙල්ලපිටිය,1035
61,මොරතොට,1036
61,පහල බෝපිටිය,1037
61,බෙරුදූව,1038
61,පනාවැන්න,1039
61,පැල්මඩුල්ලනුවර,1040
61,පැල්මඩුල්ලගම,1041
61,සන්නස්ගම,1042
61,උඩතුල,1043
61,වාරිගම,1044
61,පහලහකමුව,1045
61,ඉහල හකමුව,1046
61,බෝපැත්ත,1047
61,පොත්තකන්ද,1048
61,මාරපන,1049
61,වැලිමළුව,1050
61,නිරල්ගම,1051
61,අළුපොත,1052
62,අඹේලන්ද,1053
62,බදුල්ලගම්මන,1054
62,බුළුපිටිය,1055
62,දෙහිඅත්තාවෙල,1056
62,දොඩම්ගොල්ල,1057
62,ඊතණවත්ත,1058
62,හමාපොල,1059
62,කනුල්වෙල,1060
62,කවුඩැල්ල,1061
62,කෙහෙල්අත්තාවල,1062
62,කොටගම,1063
62,කුරුවාබ,1064
62,මල්ලැහැව,1065
62,මොරතමුල්ල,1066
62,මැදිපිටිය,1067
62,මුදියල,1068
62,නාගල,1069
62,පිටකුඹුර,1070
62,තොටිල්ලකැටිය,1071
62,වැගම,1072
63,ගල්ටැම්මන්ඩිය,1073
63,හොරබොක්ක,1074
63,කෝන්කැටිය,1075
63,කුකුරම්පොල,1076
63,කුඹුරගම,1077
63,මහසෙන්පුර,1078
63,මාලිගාවිල,1079
63,මැදගම,1080
63,ඔක්කම්පිටිය,1081
63,පැල්වත්ත,1082
63,පෙට්ටගම්වෙල,1083
63,පුහුල්කොටුව,1084
63,රහතන්ගම,1085
63,උඩඅරාව,1086
63,යුදගනාව,1087
63,උළුගල,1088
63,උනාවටුන,1089
63,වගුරුවෙල,1090
63,යටියල්ලාතොට,1091
64,දෙටගමුව,1092
64,කතරගම,1093
64,සෙල්ලකතරගම,1094
65,ඇල්ලකොන,1095
65,දඹගොල්ල,1096
65,ඇල්පිටිය,1097
65,ගල්බොක්ක,1098
65,මාරිඅරාව,1099
65,මාගන්දන,1100
65,මකුල්ල,1101
65,ඔබිබේගොඩ,1102
65,පගුර,1103
65,රිටිගහවත්ත,1104
65,තොරල,1105
65,උඩුකුඹුර,1106
66,ඇල්ලෙකොන,1107
66,බැදීයවැව,1108
66,බකිනිගහවෙල,1109
66,බිබිලේමුල්ල,1110
66,දහගොනිය,1111
66,දහම්ගම,1112
66,ගොඩිගමුව,1113
66,අයිවෙල,1114
66,කොහුකුඹුර,1115
66,මැදගම,1116
66,මොණරවාන,1117
66,නන්නකුරාව,1118
66,නුගාමුර,1119
66,පොතුබන්ධර,1120
66,සෙම්පතිගම,1121
66,තිහිරිය,1122
66,යකුන්නාව,1123
67,හුලැන්දැව දකුණ,1124
67,ටැන්වත්ත,1125
67,විහාරමුල්ල,1126
68,අඹගහපිටිය,1127
68,ගැමුනුපුර,1128
68,කිඹුලවෙල,1129
68,කිවුලෙයාය,1130
68,කොටියාගල,1131
68,මහකළුගොල්ල,1132
68,මානාභරණ,1133
68,මිණිපුර,1134
68,මුතුකන්ඩිය,1135
68,සිරිපුර,1136
68,සියඹලාන්ඩුව,1137
68,ශ්‍රී විජිතපුර,1138
68,තිස්සපුර,1139
68,විජයපුර,1140
68,යකදුරාව,1141
69,අලුත්වැව,1142
69,බොඩගමුව,1143
69,හම්බෙගමුව,1144
69,හම්බෙගමුව ජනපදය,1145
69,කහකුරුලන්පැලැස්ස,1146
69,කොටවෙහෙර,1147
69,මහවැව,1148
69,මන්කඩ,1149
69,නිකවැව,1150
69,සින්නාරම,1151
69,සූරියආර,1152
69,දෙහිආර,1153
70,ඇතිලිවැව,1154
70,කුඩාඔය,1155
70,මහආරගම,1156
70,පුබුදු වැව,1157
70,සිරිපුරගම,1158
71,ඉදිකොළපැලැස්ස,1159
71,මුතුමිනිගම,1160
71,නුගේගලයාය,1161
71,සෙවනගල,1162
72,අඹගමුව උතුර,1163
72,අඹගමුව දකුණ,1164
72,ගෝනවල,1165
73,අගප්පල,1166
73,අඹලියද්ද,1167
73,අම්පිටිගොඩ,1168
73,අරත්තන 496 බී,1169
73,බඹරගම නැගෙනහිර,1170
73,බෝමෙල්ලගොඩ,1171
73,බොධිමල්කඩ,1172
73,බෝධිවෙල,1173
73,බෝවෙල,1174
73,බුගහපිටිය,1175
73,දැලිවල,1176
73,දෙණියාගම,1177
73,දුණුකේබැද්ද,1178
73,එලමුල්ල,1179
73,එලැලමල්පේ,1180
73,ගලඋඩ උතුර,1181
73,ගන්නැව උඩගම,1182
73,හප්පාවර,1183
73,ඉඩම්පිටිය,1184
73,ඉල්ලගොල්ල,1185
73,කලගාපතන,1186
73,කරමිදුල්ල,1187
73,කිතුල්පේ,1188
73,කොට්ටල,1189
73,ලඹුහේන්වල,1190
73,මාදන්වල,1191
73,මඩවෙල,1192
73,මඩුමාන,1193
73,මාකෙම්පේ,1194
73,මාලන්වත්ත,1195
73,මානකොළ,1196
73,මැටිබේමිය,1197
73,මතුරට,1198
73,මැදගම,1199
73,මොරගොල්ල,1200
73,නමදුමන,1201
73,පල්ලේවෙල,1202
73,පුරන්ගම,1203
73,රකිටිපේ,1204
73,රම්මලකදුර,1205
73,උඩගලඋඩ,1206
73,උඩගම,1207
73,උඩලුමඩ,1208
73,උඩවත්ත නැගෙනහිර,1209
73,උඩවත්ත කුඹුර,1210
73,උඩවෙල,1211
73,උනන්තැන්න,1212
73,වඩවල,1213
73,වල්ලගිරිය,1214
73,වරාපිටිය,1215
73,වටස්තැන්න,1216
73,වෑගම,1217
73,වෙල පහළ,1218
73,වෙලම්පාගොඩ,1219
74,මාවෙල බස්නාහිර,1220
75,දුනුකේදෙණිය,1221
75,කඩදොරපිටිය,1222
75,කල්පිටිය නැගෙනහිර,1223
75,මඩකුඹුර,1224
75,මල්හෑව,1225
75,මෑතගම,1226
75,නියම්ගම්දර,1227
75,රම්බඩගම,1228
75,රාවනාගොඩ නැගෙනහිර,1229
75,සගගිලිපාලම,1230
75,විජයබාහුකන්ද,1231
76,දොරුවාදෙණිය,1232
77,අඹගස්පිටිය 505 බී,1233
77,අඹන්ඇල්ල,1234
77,බොලගන්දවෙල,1235
77,දලිවල දකුණ,1236
77,දඹගොල්ල,1237
77,දෙහිවල උතුර,1238
77,දෙනමුරෙ,1239
77,එගොඩකන්ද 03,1240
77,හපුගහපිටිය,1241
77,හෑගම,1242
77,හේගසුල්ල,1243
77,හෙලගම,1244
77,ඉලුක්පැලැස්ස 506 එෆ්,1245
77,කන්දෙයාය,1246
77,කැඳගොල්ල 04,1247
77,කැටකඳුර 05,1248
77,කුඹල්ගමුව,1249
77,ලඳුපිටිය,1250
77,ලියන්වෙල පහළ,1251
77,මඩුල්ල උතුර,1252
77,මඩුල්ල දකුණ,1253
77,මාතැටිල්ල,1254
77,මුන්වත්ත,1255
77,පදියපැලැල්ල,1256
77,පන්නල 07,1257
77,පුරන්කුඹුර,1258
77,රූපහ,1259
77,රූපහ නැගෙනහිර,1260
77,සැරසුන්තැන්න,1261
77,තෙන්නකෝනවල,1262
77,තිබ්බටුගල 10,1263
77,උඩමාඳුර,1264
77,උඩමාඳුර උතුර,1265
77,උනගොල්ල,1266
77,වලපනේ 11,1267
77,වටගේපොත,1268
77,වතුලන්ද බටහිර,1269
77,යටිමාදුර,1270
77,යටිවෙල,1271
77,යොබුවේතැන්න,1272